"FECHA","DILIGENCIADOR","NOMBRE","DANE","DEPTO","MUNI","RECTOR","EMAIL_VALIDADO","DIR","BARRIO","TEL","DANE_N","OBS","infra_agua","infra_energia","infra_tiempo_energia","infra_mobiliario","infra_biblioteca","infra_informatica","infra_informatica_func","infra_recreacion","infra_Ambientes1","infra_Ambientes2","infra_Ambientes3","infra_Suficiencia","comp_disp","comp_cantidad","comp_suficiencia","comp_func","uso_tic","uso_tic_doc","tic_uso_docentes","tic_software","lit_infantil","consulta","rec_digitales","rec_básicos","rec_didacticos","mat_suf","uso_mat_doc","uso_gui_doc","dot_mat_5a","mat_actualizados","jornada","Tiempo escolar_escuela","Tiempo escolar_clase","Tiempo escolar-Formación integral","acts_extracurriculares","acts_extracurriculares_tipo","pec","educacion_tecnica","Clima_esc","Convivencia","Inclusión","doc_certificados","doc_experiencia","doc_atencion_div","doc_formacion_continua","doc_areas_capacitaciones"
"2026-06-06 17:19:49","ALFONSO DELGADO ENRIQUEZ","I.E.A. GUILLERMO LEON VALENCIA","219585000291","Cauca","CAUCA","ALFONSO HERNANDO DELGADO ENRIQUEZ","adelgadoenriquez@yahoo.com","IND COCONUCO","SAN PEDRILLO","3128200843","","","Sí, permanente","Sí, permanente","más de 8  horas","La mayoría","No","Sí","Parcialmente","Menos del 50%","7. Zonas recreativas","5. Hacinamiento","3. Parcialmente","80% o más","80% o más","50","Poco suficientes","La mayoría funciona","Frecuentemente","Frecuentemente","4. Semanal","4. Recursos digitales gratuitos","Sí","Sí","No","Sí","Sí","Poco suficientes","A veces","Frecuentemente","Poco adecuadas","Sí","Jornada mañana","Sí","Sí","4. El horario de clases se organiza por horas y áreas","Sí","Artísticas","Sí","Sí","Frecuentemente","A veces","Rara vez","La mayoría","6–10 años","Media","1","Estrategias didácticas innovadoras"
"2026-06-06 18:22:21","Freddy Orlando Rivera Carrillo","COLEGIO  POZO CUATRO","268655000405","Santander","SANTANDER","FREDDY ORLANDO RIVERA CARRILLO","colegiopozocuatrosabanadetorres@santander.edu.co","VEREDA  LA CRISTALINA","VDA LA CRISTALINA","3178530506  3167484506   3166920626","","","Sí, intermitente","Sí, intermitente","Entre 5 y 8","Algunos","No","Sí","Parcialmente","Entre 50% y 79%","1. Laboratorios","1.Temperatura","3. Parcialmente","Menos del 50%","80% o más","100","Nada suficientes","La mayoría funciona","Frecuentemente","Frecuentemente","4. Semanal","1. Colombia Aprende","Sí","No","Sí","Sí","No","Poco suficientes","Frecuentemente","Frecuentemente","Poco adecuadas","Sí","Jornada mañana","No","Sí","3. Un día a la semana","Sí","Artísticas","No","No","Frecuentemente","Rara vez","Frecuentemente","La mayoría","6–10 años","Alta","20","Currículos pertinentes, flexibles, contextualizados y antirracistas"
"2026-06-06 18:30:06","EFRAÍN DARÍO OCHOA LONDOÑO","INSTITUCION EDUCATIVA SAN ROBERTO BELARMINO","105001002003","Antioquia","MEDELLIN","EFRAÍN DARÍO OCHOA LONDOÑO","ie.sanrobertobelarmi@medellin.gov.co","CL 32 B 83 39","LAS MERCEDES","3004573288","","","Sí, permanente","Sí, permanente","más de 8  horas","La mayoría","Sí","No","No","Todas las sedes","1. Laboratorios","1.Temperatura","3. Parcialmente","Menos del 50%","Menos del 50%","30","Nada suficientes","Algunos funcionan","Frecuentemente","Frecuentemente","5. Diaria","5. Plataformas LMS (Moodle, Classroom, etc.)","No","No","No","Sí","No","Poco suficientes","Frecuentemente","Frecuentemente","Poco adecuadas","No","Jornada mañana","Sí","Sí","5. El horario de clases se organiza de acuerdo con los centros de interés","Sí","Deportivas","Sí","Sí","Frecuentemente","A veces","Siempre","La mayoría","Más de 10 años","Media","10","Trabajo pedagógico por proyectos, por retos, por problemas
Normatividad y política pública educativa"
"2026-06-06 18:31:55","DEYCI YANETH ORÓSTEGUI OLARTE","COLEGIO INTEGRADO AGROPECUARIO SANTA RITA","268245000351","Santander","SANTANDER","DEYCI YANETH OROSTEGUI OLARTE","colegiointegradoagropecuariosantaritaelguacamayo@santander.edu.co","CORREGIMIENTO SANTA RITA DEL OPON","CORREGIMIENTO SANTA","3138763037","","","Sí, permanente","Sí, permanente","más de 8  horas","Ninguno","No","Sí","Parcialmente","Menos del 50%","6. Comedores escolares","5. Hacinamiento","3. Parcialmente","80% o más","Menos del 50%","19","Poco suficientes","Algunos funcionan","Frecuentemente","Siempre","5. Diaria","5. Plataformas LMS (Moodle, Classroom, etc.)","No","No","No","No","No","Nada suficientes","Frecuentemente","Frecuentemente","Nada adecuadas","Sí","Jornada única","Sí","Sí","1. 1 hora al día para los centros de interés proyectos pedagógicos","Sí","Artísticas","Sí","Sí","A veces","A veces","Frecuentemente","Todos","6–10 años","Alta","10","Educación para la paz"
"2026-06-06 18:38:54","Deisy Elena Masa Dominguez","INSTITUCION EDUCATIVA DISTRITAL LA MAGDALENA","108001003734","Atlántico","BARRANQUILLA","DEISY ELENA MASA DOMÍNGUEZ","rectoria@insedmag.edu.co","CL 41 7 07","LA MAGDALENA","3641256 - 3631562 - 3004612263 - 3126686962","","","Sí, permanente","Sí, permanente","más de 8  horas","La mayoría","No","Sí","Sí","Menos del 50%","5. Espacios deportivos","1.Temperatura","3. Parcialmente","Entre 50% y 79%","Entre 50% y 79%","40","Poco suficientes","Todos funcionan","A veces","A veces","4. Semanal","5. Plataformas LMS (Moodle, Classroom, etc.)","Sí","No","Sí","Sí","No","Nada suficientes","Frecuentemente","Frecuentemente","Poco adecuadas","Sí","Jornada tarde","No","Sí","4. El horario de clases se organiza por horas y áreas","Sí","Educación  Ténica","No","Sí","Siempre","Rara vez","Siempre","La mayoría","Más de 10 años","Alta","3","Trabajo pedagógico por proyectos, por retos, por problemas
Normatividad y política pública educativa"
"2026-06-06 18:56:42","Ricardo Daniel Santiago Vargas","INSTITUCION EDUCATIVA DEPARTAMENTAL ALFONSO LOPEZ","147692000081","Magdalena","MAGDALENA","RICARDO DANIEL SANTIAGO VARGAS","iedalfonsolopez@sedmagdalena.gov.co","BARRIO ALFONSO LOPEZ","ALFONSO LOPEZ","","","","Sí, permanente","Sí, permanente","más de 8  horas","Todos","Sí","Sí","Sí","Todas las sedes","6. Comedores escolares","1.Temperatura","1. Sí","Ninguna sede","Todas las sedes","155","Suficientes","La mayoría funciona","Frecuentemente","Frecuentemente","4. Semanal","4. Recursos digitales gratuitos","Sí","Sí","No","Sí","Sí","Poco suficientes","A veces","A veces","Muy adecuadas","Sí","Jornada única","No","Sí","4. El horario de clases se organiza por horas y áreas","Sí","Deportivas","No","Sí","Siempre","Rara vez","A veces","La mayoría","Más de 10 años","Alta","5","Estrategias didácticas innovadoras"
"2026-06-06 20:08:46","Amira Marcel Mina Mosquera","INSTITUCION EDUCATIVA MINDALA (ANTES CENTRO EDUCATIVO MINDALA)","219780000467","Cauca","CAUCA","AMAIRA MARCEL MINA MOSQUERA","institucioneducativamindala@gmail.com","VEREDA MINDALA","VEREDA MINDALA","","","","Sí, permanente","Sí, intermitente","Entre 1 y 3","La mayoría","No","No","No","Menos del 50%","5. Espacios deportivos","6. Ninguna","3. Parcialmente","Entre 50% y 79%","Menos del 50%","55","Nada suficientes","Algunos funcionan","Frecuentemente","Frecuentemente","4. Semanal","4. Recursos digitales gratuitos","Sí","Sí","Sí","Sí","No","Nada suficientes","Frecuentemente","Frecuentemente","Nada adecuadas","Sí","Jornada mañana","No","Sí","4. El horario de clases se organiza por horas y áreas","Sí","Académicas","Sí","No","A veces","Rara vez","A veces","La mayoría","6–10 años","Alta","12","Trabajo pedagógico por proyectos, por retos, por problemas
Normatividad y política pública educativa"
"2026-06-06 20:12:21","Lilian Teresa Valencia Gómez","I.E. SAMORE","254820000384","Norte de Santander","NORTE SANTANDER","LILIAN TERESA VALENCIA GOMEZ","litevago@yahoo.es","CORREG DE SAMORE","SAMORE","3104868295","","","Sí, permanente","Sí, permanente","más de 8  horas","La mayoría","No","Sí","No","Ninguna sede","5. Espacios deportivos","1.Temperatura","1. Sí","Menos del 50%","Menos del 50%","17","Nada suficientes","La mayoría funciona","Frecuentemente","Frecuentemente","5. Diaria","5. Plataformas LMS (Moodle, Classroom, etc.)","Sí","No","No","Sí","No","Poco suficientes","Frecuentemente","Frecuentemente","Poco adecuadas","No","Jornada mañana","No","Sí","1. 1 hora al día para los centros de interés proyectos pedagógicos","No","Educación  Ténica","Sí","Sí","Frecuentemente","Rara vez","A veces","La mayoría","6–10 años","Alta","4","Estrategias didácticas innovadoras"
"2026-06-06 20:22:14","GRETEL VASQUEZ LOZANO","INSTITUCION EDUCATIVA LLANA DE LA TIGRA","268615001107","Santander","SANTANDER","GRETEL VASQUEZ LOZANO","institucioneducativallanadelatigrarionegro@santander.edu.co","VEREDA LA CORCOVADA","VEREDA LA CORCOVADA","3188700631","268615001107.0","","No","Sí, intermitente","más de 8  horas","La mayoría","No","Sí","Parcialmente","Entre 50% y 79%","4. Salas TIM","1.Temperatura","3. Parcialmente","Ninguna sede","Menos del 50%","90","Poco suficientes","Algunos funcionan","Frecuentemente","Frecuentemente","4. Semanal","4. Recursos digitales gratuitos","Sí","No","Sí","Sí","No","Nada suficientes","A veces","A veces","Poco adecuadas","No","Jornada única","No","No","1. 1 hora al día para los centros de interés proyectos pedagógicos","No","Deportivas","No","No","Frecuentemente","A veces","A veces","Algunos","3–5 años","Media","6","Currículos pertinentes, flexibles, contextualizados y antirracistas"
"2026-06-06 20:35:38","JAIME ZAMBRANO GONZALEZ","INSTITUCION EDUCATIVA SAGRADO CORAZON","185250000014","Casanare","CASANARE","JAIME ZAMBRANO GONZALEZ","iesagradocorazon@sedcasanare.gov.co","KR 10 ESTE 7 69","BARRIO LA GRANJA MERECURE","3114850480","","","Sí, permanente","Sí, permanente","más de 8  horas","La mayoría","Sí","Sí","Parcialmente","80% o más","4. Salas TIM","1.Temperatura","3. Parcialmente","Menos del 50%","80% o más","200","Poco suficientes","La mayoría funciona","A veces","Frecuentemente","4. Semanal","2. Software educativo licenciado","No","No","No","No","No","Poco suficientes","A veces","A veces","Adecuadas","No","Jornada mañana","Sí","No","4. El horario de clases se organiza por horas y áreas","No","Académicas","No","Sí","Frecuentemente","A veces","Frecuentemente","La mayoría","Más de 10 años","Media","21","Evaluación formativa para los aprendizajes"
"2026-06-06 20:36:06","LUZ AIDA RAMIREZ RAMIREZ","INSTITUCION EDUCATIVA RURAL LA CECILIA","254800000051","Norte de Santander","NORTE SANTANDER","LUZ AIDA RAMIREZ RAMIREZ","aidar1314@gmail.com","CORREG LA CECILIA","","3138753579","","","Sí, permanente","Sí, permanente","más de 8  horas","Todos","No","No","No","80% o más","1. Laboratorios","1.Temperatura","1. Sí","Menos del 50%","Entre 50% y 79%","35","Nada suficientes","La mayoría funciona","Frecuentemente","A veces","4. Semanal","1. Colombia Aprende","Sí","No","No","Sí","No","Nada suficientes","Frecuentemente","A veces","Adecuadas","Sí","Jornada mañana","No","No","4. El horario de clases se organiza por horas y áreas","No","Seleccionar...","No","No","Siempre","Frecuentemente","Frecuentemente","La mayoría","6–10 años","Alta","22","Estrategias para enseñar a estudiantes con discapacidad"
"2026-06-06 20:40:07","Dulcinia Medina Almànzar","INSTITUCIÓN EDUCATIVA CRISTO REY","119001000559","Cauca","POPAYAN","SOR DULCINIA MEDINA ALMANZAR MEDINA","rectoria@salesianascristorey.edu.co","CL 11 N 3 79","EL EMPEDRADO ","8221046-206533","","","Sí, permanente","Sí, permanente","más de 8  horas","La mayoría","Sí","Sí","Parcialmente","Todas las sedes","1. Laboratorios","2. Ruido","1. Sí","Ninguna sede","Menos del 50%","40","Poco suficientes","Algunos funcionan","Frecuentemente","Siempre","5. Diaria","5. Plataformas LMS (Moodle, Classroom, etc.)","Sí","Sí","Sí","Sí","Sí","Poco suficientes","Frecuentemente","Frecuentemente","Adecuadas","Sí","Jornada mañana","Sí","Sí","proyectos pedagógicos","Sí","Artísticas","Sí","Sí","Frecuentemente","A veces","Siempre","La mayoría","6–10 años","Alta","20","Estrategias didácticas innovadoras"
"2026-06-06 21:05:03","DIEGO FABIAN VALENCIA FERNANDEZ","INSTITUCION EDUCATIVA JORGE ELIECER GAITAN","185010000629","Casanare","CASANARE","DIEGO FABIAN VALENCIA FERNANDEZ","iejeg_rectoria@iejorgeliecergaitan-aguazul-casanare.edu.co","CR 9 CLL 23 ESQUINA","BARRIO JUAN HERNANDO URREGO","3134201639","","","Sí, permanente","Sí, permanente","más de 8  horas","La mayoría","Sí","Sí","Parcialmente","Todas las sedes","4. Salas TIM","1.Temperatura","1. Sí","Ninguna sede","Ninguna sede","10","Nada suficientes","Algunos funcionan","Frecuentemente","Siempre","5. Diaria","3. Contenidos OVA propios","No","No","No","Sí","Sí","Poco suficientes","A veces","Frecuentemente","Adecuadas","Sí","Jornada mañana","Sí","Sí","4. El horario de clases se organiza por horas y áreas","Sí","Deportivas","No","Sí","Frecuentemente","A veces","A veces","Todos","Más de 10 años","Alta","1","Estrategias didácticas innovadoras"
"2026-06-06 21:07:19","Luis Rafael Jiménez Muñoz","INSTITUCION EDUCATIVA DEPARTAMENTAL DE BASICA Y MEDIA DE CONCORDIA","247161000197","Magdalena","MAGDALENA","LUIS RAFAEL JIMENEZ MUÑOZ","iedbmconcordia@sedmagdalena.gov.co","CL 3 12 100","CONCORDIA","","","","Sí, intermitente","Sí, permanente","más de 8  horas","La mayoría","No","Sí","Parcialmente","Ninguna sede","2. Bibliotecas","1.Temperatura","3. Parcialmente","Menos del 50%","Todas las sedes","100","Suficientes","Todos funcionan","A veces","A veces","2. Esporádicamente","1. Colombia Aprende","No","No","No","Sí","No","Poco suficientes","A veces","A veces","Poco adecuadas","No","Jornada mañana","No","No","4. El horario de clases se organiza por horas y áreas","No","Académicas","No","No","Frecuentemente","Nunca","Nunca","La mayoría","Más de 10 años","Media","5","Currículos pertinentes, flexibles, contextualizados y antirracistas"
"2026-06-06 21:28:41","JORGE RICARDO BECERRA OSORIO","INSTITUCION EDUCATIVA RURAL VILLA HERMOSA 2","283001000103","Caquetá","FLORENCIA","J0RGE RICARDO  BECERRA OSORIO","villahermosa2@florencia.edu.co","VEREDA LA HOLANDA","SANTO DOMINGO","NO APLICA","","","Sí, intermitente","Sí, intermitente","más de 8  horas","Todos","Sí","Sí","Parcialmente","Menos del 50%","4. Salas TIM","6. Ninguna","3. Parcialmente","Ninguna sede","Menos del 50%","26","Poco suficientes","Algunos funcionan","Frecuentemente","Frecuentemente","4. Semanal","2. Software educativo licenciado","Sí","Sí","Sí","Sí","Sí","Poco suficientes","Frecuentemente","Frecuentemente","Adecuadas","Sí","Jornada única","No","Sí","proyectos pedagógicos","No","Seleccionar...","No","No","Frecuentemente","Rara vez","A veces","La mayoría","6–10 años","Alta","5","Trabajo pedagógico por proyectos, por retos, por problemas
Normatividad y política pública educativa"
"2026-06-06 21:31:31","MARTHA LILIANA ZULUAGA CAMPIÑO","INSTITUCIÓN EDUCATIVA RURAL DEPARTAMENTAL SAN JOSE","225154000188","Cundinamarca","CUNDINAMARCA","MARTHA LILIANA ZULUAGA CAMPIÑO.","iedrsanjose_carmendecarupa@secundinamarca.edu.co","VEREDA SAN JOSE","SAN JOSE","3142444146","","","Sí, permanente","Sí, permanente","más de 8  horas","La mayoría","No","Sí","Parcialmente","Todas las sedes","2. Bibliotecas","3. Iluminación","3. Parcialmente","Ninguna sede","80% o más","70","Poco suficientes","La mayoría funciona","Frecuentemente","Frecuentemente","4. Semanal","4. Recursos digitales gratuitos","Sí","No","No","Sí","Sí","Poco suficientes","Frecuentemente","Frecuentemente","Adecuadas","Sí","Jornada mañana","No","Sí","5. El horario de clases se organiza de acuerdo con los centros de interés","Sí","Educación  Ténica","No","Sí","Siempre","Nunca","Rara vez","La mayoría","6–10 años","Baja","4","Estrategias para enseñar a estudiantes con discapacidad"
"2026-06-06 21:41:17","oscar sandoval florez","INSTITUCION EDUCATIVA EL CONCORDE","108433001139","Atlántico","MALAMBO","OSCAR ALFONSO SANDOVAL FLOREZ","institucioneducativaconcorde@gmail.com","CL 22 21 19","EL CONCORDE","6053173564","","","No","Sí, intermitente","Entre 5 y 8","Algunos","No","No","No","Ninguna sede","7. Zonas recreativas","1.Temperatura","2.No","Ninguna sede","Ninguna sede","5","Nada suficientes","Ninguno funciona","Frecuentemente","A veces","4. Semanal","4. Recursos digitales gratuitos","No","No","No","Sí","No","Nada suficientes","A veces","Frecuentemente","Poco adecuadas","Sí","Jornada mañana","Sí","Sí","proyectos pedagógicos","Sí","Artísticas","No","Sí","Siempre","Nunca","Rara vez","Algunos","6–10 años","Media","4","Uso de TIC (tecnologías de la información y comunicación) en la práctica pedagógica"
"2026-06-06 21:50:29","Ramiro Urrutia Anaya","INSTITUCION EDUCATIVA ARROYO DE PIEDRA EL BUEN PASTOR","208421000042","Atlántico","ATLANTICO","RAMIRO URRUTIA ANAYA","iearroyodepiedraelbuenpastor@sedatlantico.gov.co","CARRETERA LA CORDIALIDAD","ARROYO DE PIEDRA","","","","Sí, intermitente","Sí, permanente","más de 8  horas","Algunos","No","Sí","Parcialmente","Todas las sedes","1. Laboratorios","5. Hacinamiento","3. Parcialmente","Entre 50% y 79%","Entre 50% y 79%","42","Nada suficientes","La mayoría funciona","Frecuentemente","A veces","4. Semanal","4. Recursos digitales gratuitos","Sí","No","Sí","Sí","Sí","Poco suficientes","Frecuentemente","Frecuentemente","Poco adecuadas","Sí","Jornada mañana","Sí","Sí","1. 1 hora al día para los centros de interés proyectos pedagógicos","Sí","Artísticas","No","No","Frecuentemente","Rara vez","A veces","La mayoría","Más de 10 años","Alta","7","Trabajo pedagógico por proyectos, por retos, por problemas
Normatividad y política pública educativa"
"2026-06-06 22:10:30","Gustavo Rafael Púa Herrera","I.E. NUESTRA SEÑORA DE LA ANTIGUA","115494000131","Boyacá","BOYACA","GUSTAVO RAFAEL PUA HERRERA","nuevocoloniensa@sedboyaca.gov.co","CL 4 # 4 - 42","La Granja ","3185287912","115494000131.0","Teléfono de Rectoría 3169242527","Sí, permanente","Sí, permanente","más de 8  horas","Todos","Sí","Sí","Sí","Menos del 50%","1. Laboratorios","2. Ruido","3. Parcialmente","Ninguna sede","Menos del 50%","20","Nada suficientes","Algunos funcionan","Frecuentemente","Frecuentemente","5. Diaria","4. Recursos digitales gratuitos","Sí","Sí","No","Sí","Sí","Nada suficientes","Frecuentemente","Frecuentemente","Adecuadas","Sí","Jornada única","No","Sí","4. El horario de clases se organiza por horas y áreas","Sí","Deportivas","No","Sí","Siempre","Rara vez","Siempre","La mayoría","6–10 años","Baja","4","Trabajo pedagógico por proyectos, por retos, por problemas
Normatividad y política pública educativa"
"2026-06-06 22:32:51","Orlando Peralta Hoyos","INSTITUCIÓN EDUCATIVA LA SULTANA","117001005701","Caldas","MANIZALES","ORLANDO PERALTA HOYOS","ielasultana@semmanizales.edu.co","CARRERA 11 # 66-35","LA SULTANA","8754548","","","Sí, permanente","Sí, permanente","Entre 5 y 8","Algunos","Sí","Sí","Parcialmente","Entre 50% y 79%","6. Comedores escolares","3. Iluminación","3. Parcialmente","Ninguna sede","Menos del 50%","40","Nada suficientes","Algunos funcionan","Frecuentemente","A veces","3. Mensual","1. Colombia Aprende","Sí","No","Sí","Sí","No","Nada suficientes","A veces","A veces","Poco adecuadas","Sí","Jornada mañana","No","Sí","4. El horario de clases se organiza por horas y áreas","Sí","Académicas","No","Sí","Siempre","Rara vez","Frecuentemente","La mayoría","Más de 10 años","Alta","12","Estrategias didácticas innovadoras"
"2026-06-06 22:40:57","WILLIAM RAFAEL ARRIETA CANCHILA","INST EDUC LIBERTAD","270713013754","Sucre","SUCRE","WILLIAM RAFAEL ARRIETA CANCHILA","ie.libertad@sucre.edu.co","CORREG LIBERTAD","CORREG LIBERTAD","3218053231","","","No","Sí, intermitente","más de 8  horas","Algunos","Sí","No","No","Ninguna sede","1. Laboratorios","5. Hacinamiento","3. Parcialmente","80% o más","Menos del 50%","50","Nada suficientes","La mayoría funciona","A veces","Frecuentemente","2. Esporádicamente","6. Ninguno","Sí","No","No","Sí","No","Poco suficientes","A veces","Frecuentemente","Poco adecuadas","Sí","Jornada mañana","No","Sí","4. El horario de clases se organiza por horas y áreas","Sí","Deportivas","Sí","No","A veces","A veces","Rara vez","La mayoría","6–10 años","Media","12","Estrategias didácticas innovadoras"
"2026-06-06 22:41:06","ISABEL MOSQUERA PORTILLA","INSTITUCION EDUCATIVA LA CARBONERA","266001004255","Risaralda","PEREIRA","ISABEL MOSQUERA PORTILLA","lacarbonera@pereira.gov.co","VDA LA CARBONERA","CAIMALITO","3213209404","","","Sí, permanente","Sí, permanente","más de 8  horas","Todos","Sí","Sí","Sí","Todas las sedes","1. Laboratorios","1.Temperatura","1. Sí","Ninguna sede","Todas las sedes","40","Suficientes","Todos funcionan","Frecuentemente","Siempre","5. Diaria","1. Colombia Aprende","Sí","Sí","Sí","Sí","Sí","Muy suficientes","Frecuentemente","Frecuentemente","Muy adecuadas","Sí","Jornada única","Sí","Sí","5. El horario de clases se organiza de acuerdo con los centros de interés","Sí","Académicas","Sí","Sí","Siempre","Rara vez","Siempre","Algunos","Más de 10 años","Alta","5","Currículos pertinentes, flexibles, contextualizados y antirracistas"
"2026-06-06 22:53:31","Jhon Hernando Betancourt Buitrago","INSTITUCION EDUCATIVA PURNIO","217380000244","Caldas","CALDAS","JHON HERNANDO BETANCUOURT BUITRAGO","iepurnio@sedcaldas.gov.co","VEREDA EL PURNIO","VEREDA EL PURNIO","","","","Sí, permanente","Sí, permanente","más de 8  horas","Algunos","No","Sí","Parcialmente","Menos del 50%","1. Laboratorios","5. Hacinamiento","3. Parcialmente","80% o más","Menos del 50%","65","Nada suficientes","La mayoría funciona","Frecuentemente","A veces","2. Esporádicamente","4. Recursos digitales gratuitos","Sí","Sí","No","Sí","No","Nada suficientes","A veces","Frecuentemente","Poco adecuadas","No","Jornada única","No","Sí","5. El horario de clases se organiza de acuerdo con los centros de interés","No","Seleccionar...","No","No","Siempre","Rara vez","Frecuentemente","La mayoría","3–5 años","Baja","6","Estrategias para enseñar a estudiantes con discapacidad"
"2026-06-06 23:13:38","RICARDO MARTIN ROSERO YEPES","INSTITUCION EDUCATIVA SAN ANTONIO DE PADUA","252560000048","Nariño","NARIÑO","RICARDO MARTIN ROSERO YEPES","ie.antonio.padua.potosi@sednarino.gov.co","CORREG. SAN ANTONIO","CORREG. SAN ANTONIO","3182964643","","","Sí, intermitente","Sí, permanente","más de 8  horas","Algunos","Sí","Sí","Parcialmente","Menos del 50%","7. Zonas recreativas","5. Hacinamiento","3. Parcialmente","Menos del 50%","Menos del 50%","23","Poco suficientes","Algunos funcionan","Rara vez","A veces","2. Esporádicamente","1. Colombia Aprende","Sí","No","No","Sí","No","Poco suficientes","Rara vez","Nunca","Poco adecuadas","Sí","Jornada mañana","Sí","Sí","1. 1 hora al día para los centros de interés proyectos pedagógicos","Sí","Educación  Ténica","No","Sí","Siempre","Rara vez","Rara vez","Ninguno","Más de 10 años","Media","1","Uso de TIC (tecnologías de la información y comunicación) en la práctica pedagógica"
"2026-06-06 23:13:50","Hector Arquímedes Asprilla Cossío","IE MIA JORGE VALENCIA LOZANO","227001001145","Chocó","QUIBDÓ","HECTOR ARQUÍMEDES ASPRILLA COSSIO","ie.jorgevalencia@semquibdo.edu.co","URBANIZACIÓN CIUDADELA MIA","Ciudadela Mia Sector D","3105073876","","","Sí, intermitente","Sí, permanente","más de 8  horas","La mayoría","Sí","Sí","Parcialmente","80% o más","1. Laboratorios","2. Ruido","1. Sí","Ninguna sede","Entre 50% y 79%","35","Nada suficientes","La mayoría funciona","Frecuentemente","A veces","2. Esporádicamente","1. Colombia Aprende","Sí","Sí","Sí","Sí","No","Nada suficientes","Frecuentemente","Frecuentemente","Adecuadas","Sí","Jornada única","Sí","Sí","1. 1 hora al día para los centros de interés proyectos pedagógicos","Sí","Artísticas","Sí","No","Siempre","Rara vez","Frecuentemente","La mayoría","Más de 10 años","Alta","8","Estrategias didácticas innovadoras"
"2026-06-06 23:19:24","Alejandro Enrique Godoy Arellano","INSTITUCION ETNOEDUCATIVA DE PONTEZUELA","213001001306","Bolívar","CARTAGENA","ALEJANDRO ENRIQUE GODOY ARELLANO","i.e.depontezuela@sedcartagena.gov.co iedepontezuela@hotmail.com alediego16@hotmail.com","ANILLO VIAL PONTEZUELA CL  167 MZA 070","PONTEZUELA","6653077 - 3008049868 - 3163570779","","","Sí, permanente","Sí, permanente","más de 8  horas","Algunos","No","Sí","Parcialmente","Menos del 50%","7. Zonas recreativas","1.Temperatura","3. Parcialmente","Menos del 50%","Menos del 50%","12","Nada suficientes","Algunos funcionan","Frecuentemente","Frecuentemente","4. Semanal","1. Colombia Aprende","Sí","No","Sí","No","No","Nada suficientes","Rara vez","Frecuentemente","Adecuadas","Sí","Jornada única","Sí","Sí","5. El horario de clases se organiza de acuerdo con los centros de interés","Sí","Deportivas","Sí","No","Frecuentemente","Rara vez","Siempre","La mayoría","Más de 10 años","Alta","9","Currículos pertinentes, flexibles, contextualizados y antirracistas"
"2026-06-06 23:23:04","URIEL VIVEROS","I.E. FRAY LUIS AMIGO","219318001938","Cauca","GUAPI","URIEL VIVEROS","rector@frayluisamigoguapi.edu.co","CORREGIMIENTO DE LIMONES","CORREGIMIENTO DE LIMONES","3118600333","219318001938.0","","Sí, intermitente","No","Entre 3 y 5","La mayoría","No","Sí","Parcialmente","Menos del 50%","2. Bibliotecas","5. Hacinamiento","3. Parcialmente","Menos del 50%","Ninguna sede","5","Nada suficientes","Algunos funcionan","Frecuentemente","Frecuentemente","4. Semanal","3. Contenidos OVA propios","Sí","No","Sí","Sí","Sí","Poco suficientes","A veces","A veces","Poco adecuadas","Sí","Jornada mañana","No","Sí","4. El horario de clases se organiza por horas y áreas","No","Artísticas","Sí","No","Frecuentemente","Rara vez","A veces","La mayoría","3–5 años","Media","6","Trabajo pedagógico por proyectos, por retos, por problemas
Normatividad y política pública educativa"
"2026-06-06 23:38:59","RODOLFO MORENO PEREZ","INSTITUCION EDUCATIVA FALTRIQUERA","268547000296","Santander","PIEDECUESTA","RODOLFO MORENO PEREZ","rectoria@ief.edu.co","VEREDA FALTRIQUERA","VEREDA FALTRIQUERA","3233990334","","","Sí, intermitente","Sí, permanente","más de 8  horas","La mayoría","No","Sí","Sí","Menos del 50%","7. Zonas recreativas","6. Ninguna","3. Parcialmente","Menos del 50%","Menos del 50%","30","Nada suficientes","Algunos funcionan","Frecuentemente","Siempre","5. Diaria","1. Colombia Aprende","Sí","Sí","Sí","Sí","Sí","Nada suficientes","Frecuentemente","Frecuentemente","Poco adecuadas","Sí","Jornada mañana","No","Sí","proyectos pedagógicos","No","Seleccionar...","Sí","No","Frecuentemente","Nunca","Siempre","La mayoría","Más de 10 años","Alta","5","Currículos pertinentes, flexibles, contextualizados y antirracistas"
"2026-06-06 23:39:31","JÁDER DAVID ORTEGA VERGARA","I.E. NUEVA ESTRELLA","270124000308","Sucre","SUCRE","JADER DAVID ORTEGA VERGARA","ie.nuevaestrella@sucre.edu.co","CORREGIMIENTO NUEVA ESTRELLA","CORREGIMIENTO NUEVA ESTRELLA","3145477443","","","Sí, intermitente","Sí, permanente","más de 8  horas","Algunos","No","Sí","Sí","Ninguna sede","1. Laboratorios","1.Temperatura","3. Parcialmente","Todas las sedes","Ninguna sede","8","Muy suficientes","Algunos funcionan","Frecuentemente","Frecuentemente","4. Semanal","3. Contenidos OVA propios","Sí","Sí","No","Sí","No","Nada suficientes","A veces","Frecuentemente","Adecuadas","Sí","Jornada mañana","No","Sí","5. El horario de clases se organiza de acuerdo con los centros de interés","No","Seleccionar...","No","No","Frecuentemente","Rara vez","A veces","Algunos","6–10 años","Media","2","Estrategias didácticas innovadoras"
"2026-06-06 23:43:42","WILMAN ENRIQUE PEREZ BENITEZ","INSTITUCION EDUCATIVA TECNICA COMERCIAL FRANCISCO JAVIER CISNEROS","108573000159","Atlántico","ATLANTICO","WILMAN ENRIQUE PEREZ BENITEZ","iefranciscojaviercisneros@sedatlantico.gov.co","KR 10 14 A 74","LAS MARGARITAS","","","","Sí, permanente","Sí, permanente","más de 8  horas","La mayoría","Sí","Sí","Sí","Menos del 50%","5. Espacios deportivos","1.Temperatura","1. Sí","Ninguna sede","80% o más","150","Suficientes","La mayoría funciona","Frecuentemente","Siempre","5. Diaria","5. Plataformas LMS (Moodle, Classroom, etc.)","Sí","No","Sí","Sí","Sí","Suficientes","Frecuentemente","Frecuentemente","Muy adecuadas","Sí","Jornada única","Sí","No","4. El horario de clases se organiza por horas y áreas","Sí","Educación  Ténica","No","Sí","Siempre","Rara vez","Siempre","Todos","Más de 10 años","Alta","40","Trabajo pedagógico por proyectos, por retos, por problemas
Normatividad y política pública educativa"
"2026-06-06 23:50:47","FABIO HERNANDO ORTIZ MONTOYA","COLEGIO SAN JOSE DE USME (IED)","111001098841","Capital Bogotá, D.C.","BOGOTA","FABIO HERNANDO ORTIZ MONTOYA","rectorbosco2@fundaciondonbosco.org bosco2@fundaciondonbosco.org","CL 97 SUR 14 B 05","YOMASA NORTE","7642614 -- 7642617","111001098841.0","Actualizar nombre del rector. FABIO HERNANDO ORTIZ MONTOYA","Sí, permanente","Sí, permanente","más de 8  horas","Todos","Sí","Sí","Sí","Todas las sedes","4. Salas TIM","6. Ninguna","1. Sí","Ninguna sede","Todas las sedes","80","Suficientes","La mayoría funciona","Frecuentemente","Frecuentemente","4. Semanal","2. Software educativo licenciado","Sí","Sí","Sí","Sí","Sí","Suficientes","Frecuentemente","A veces","Muy adecuadas","Sí","Jornada única","Sí","Sí","4. El horario de clases se organiza por horas y áreas","No","Académicas","Sí","Sí","Siempre","A veces","Siempre","Todos","6–10 años","Alta","40","Evaluación formativa para los aprendizajes"
"2026-06-06 23:54:15","Freddy Joaquín siado Ruiz","INSTITUCIÓN EDUCATIVA RAFAEL SEGUNDO TURIZO MARTINEZ","213549002319","Bolívar","BOLIVAR","FREDDY JOAQUIN SIADO RUIZ","ierafaelsegundoturizomartinez@sedbolivar.gov.co","EL SUDAN - TIQUISIO","EL SUDAN - TIQUISIO","3114264996","","","No","No","Entre 5 y 8","La mayoría","No","Sí","Sí","Menos del 50%","6. Comedores escolares","1.Temperatura","3. Parcialmente","Menos del 50%","Menos del 50%","18","Poco suficientes","La mayoría funciona","A veces","Frecuentemente","4. Semanal","4. Recursos digitales gratuitos","No","Sí","No","Sí","Sí","Poco suficientes","A veces","A veces","Poco adecuadas","Sí","Jornada mañana","Sí","Sí","4. El horario de clases se organiza por horas y áreas","No","Académicas","Sí","No","Frecuentemente","A veces","Rara vez","Algunos","3–5 años","Media","8","Evaluación formativa para los aprendizajes"
"2026-06-07 00:02:51","CARLOS JULIO SUAREZ GOMEZ","INSTITUCION EDUCATIVA LEON DE GREIFF - SEDE PRINCIPAL","294001000695","Guainía","GUAINIA","CARLOS JULIO SUAREZ GÓMEZ","leondegreiff@sedguainia.gov.co","IND COM DE SAN JOSE RIO GUAINIA","COMUNIDAD DE SAN JOSE RIO GUAINIA","3112642125","","","No","No","0","Algunos","Sí","No","No","Menos del 50%","1. Laboratorios","1.Temperatura","3. Parcialmente","Ninguna sede","Menos del 50%","3","Nada suficientes","Algunos funcionan","A veces","Frecuentemente","2. Esporádicamente","4. Recursos digitales gratuitos","No","No","No","Sí","No","Nada suficientes","A veces","A veces","Nada adecuadas","Sí","Jornada mañana","No","Sí","proyectos pedagógicos","Sí","Académicas","Sí","No","Frecuentemente","A veces","Rara vez","Algunos","6–10 años","Media","3","Currículos pertinentes, flexibles, contextualizados y antirracistas"
"2026-06-07 00:04:50","Argemiro Martelo Cárdenas","INST EDUC JOSE MARIA CORDOBA","270771011516","Sucre","SUCRE","ARGEMIRO DE JESUS MARTELO CARDENAS","ie.josemariacordoba@sucre.edu.co","CORREG CORDOBA","CORREG CORDOBA","3205930404","","","Sí, intermitente","Sí, intermitente","más de 8  horas","Algunos","No","Sí","Parcialmente","Entre 50% y 79%","1. Laboratorios","1.Temperatura","3. Parcialmente","Menos del 50%","Menos del 50%","10","Nada suficientes","Todos funcionan","Frecuentemente","Frecuentemente","5. Diaria","4. Recursos digitales gratuitos","No","No","No","Sí","No","Nada suficientes","Frecuentemente","Frecuentemente","Poco adecuadas","Sí","Jornada mañana","Sí","No","proyectos pedagógicos","No","Académicas","No","No","Siempre","Rara vez","Siempre","Algunos","Más de 10 años","Alta","3","Estrategias para enseñar a estudiantes con discapacidad"
"2026-06-07 00:14:31","Alfredo Rafael Berdugo Vizcaino","INSTITUCION EDUCATIVA LABARCE","270713000601","Sucre","SUCRE","ALFREDO RAFAEL BERDUGO VIZCAINO","ie.labarce@sucre.edu.co","CORREG LABARCE","CORREG LABARCE","3107456509","","","Sí, intermitente","Sí, permanente","más de 8  horas","Algunos","No","Sí","No","Ninguna sede","6. Comedores escolares","1.Temperatura","3. Parcialmente","Ninguna sede","Ninguna sede","1","Nada suficientes","Ninguno funciona","Nunca","Frecuentemente","2. Esporádicamente","6. Ninguno","Sí","Sí","Sí","Sí","Sí","Poco suficientes","Frecuentemente","Frecuentemente","Adecuadas","Sí","Jornada mañana","No","Sí","1. 1 hora al día para los centros de interés proyectos pedagógicos","No","Artísticas","No","No","Siempre","Rara vez","Frecuentemente","Algunos","6–10 años","Alta","5","Trabajo pedagógico por proyectos, por retos, por problemas
Normatividad y política pública educativa"
"2026-06-07 00:30:44","MARIA GÓMEZ OSPINA","INSTITUCIÓN EDUCATIVA INSTITUTO CHIPRE","117001000157","Caldas","MANIZALES","MARIA DEL SOCORRO GOMEZ OSPINA","iechipre@semmanizales.edu.co","KR 6 A 7 21","CHIPRE","8827638","","","Sí, permanente","Sí, permanente","más de 8  horas","Algunos","No","No","Seleccionar...","Todas las sedes","1. Laboratorios","4. Ventilación","3. Parcialmente","Ninguna sede","Menos del 50%","20","Nada suficientes","Ninguno funciona","Frecuentemente","A veces","5. Diaria","6. Ninguno","Sí","Sí","No","Sí","Sí","Nada suficientes","A veces","Frecuentemente","Adecuadas","Sí","Jornada única","Sí","Sí","4. El horario de clases se organiza por horas y áreas","Sí","Artísticas","No","No","Frecuentemente","A veces","A veces","Todos","6–10 años","Alta","5","Uso de TIC (tecnologías de la información y comunicación) en la práctica pedagógica"
"2026-06-07 00:30:50","MILTON DURAN BLANDON","INSTITUCION ETNOEDUCATIVA BOCAS DEL ATRATO","405837002257","Antioquia","TURBO","MILTON DURÁN BLANDÓN","cebocasdelatrato@turboeducado.edu.co","BOCAS DEL ATRATO","","8275705 - 320 712 9326","","","No","No","Entre 3 y 5","Algunos","No","No","No","Ninguna sede","7. Zonas recreativas","1.Temperatura","2.No","Menos del 50%","Ninguna sede","5","Nada suficientes","Algunos funcionan","A veces","Frecuentemente","4. Semanal","4. Recursos digitales gratuitos","Sí","Sí","No","Sí","No","Nada suficientes","A veces","Frecuentemente","Poco adecuadas","Sí","Jornada única","Sí","Sí","1. 1 hora al día para los centros de interés proyectos pedagógicos","Sí","Académicas","Sí","Sí","A veces","Rara vez","Frecuentemente","Algunos","6–10 años","Media","3","Trabajo pedagógico por proyectos, por retos, por problemas
Normatividad y política pública educativa"
"2026-06-07 00:31:09","Edgar Alfonso Márquez Luna","INSTITUCION EDUCATIVA DEPARTAMENTAL RURAL MARIA AUXILIADORA","247318000234","Magdalena","MAGDALENA","EDGAR ALFONSO MARQUEZ LUNA","iedrmariaauxiliadora@sedmagdalena.gov.co","LOS ANDES","LOS ANDES","","","","No","Sí, intermitente","Entre 5 y 8","Algunos","Sí","Sí","Parcialmente","Menos del 50%","6. Comedores escolares","1.Temperatura","3. Parcialmente","Menos del 50%","80% o más","100","Suficientes","La mayoría funciona","A veces","Frecuentemente","4. Semanal","4. Recursos digitales gratuitos","Sí","No","No","No","Sí","Poco suficientes","A veces","A veces","Nada adecuadas","Sí","Jornada mañana","Sí","No","2. Después del descanso","Sí","Deportivas","No","Sí","A veces","Rara vez","Rara vez","La mayoría","6–10 años","Baja","10","Trabajo pedagógico por proyectos, por retos, por problemas
Normatividad y política pública educativa"
"2026-06-07 00:33:17","ALPIDIO ROMERO MESA","INSTITUCION EDUCATIVA SAN LORENZO","250150000129","Meta","META","ALPIDIO ROMERO MESA","iedusanlorenzo@gmail.com alpidioromero61@hotmail.com","VDA SAN LORENZO","VDA SAN LORENZO","3108915665","250150000129.0","Sin observaciones ","Sí, permanente","Sí, permanente","más de 8  horas","Todos","No","Sí","Sí","Entre 50% y 79%","6. Comedores escolares","1.Temperatura","1. Sí","Ninguna sede","Menos del 50%","30","Poco suficientes","Algunos funcionan","Frecuentemente","Frecuentemente","4. Semanal","1. Colombia Aprende","No","No","No","Sí","Sí","Poco suficientes","Frecuentemente","Frecuentemente","Muy adecuadas","Sí","Jornada única","No","No","1. 1 hora al día para los centros de interés proyectos pedagógicos","No","Educación  Ténica","No","Sí","Siempre","A veces","A veces","La mayoría","Más de 10 años","Media","2","Evaluación formativa para los aprendizajes"
"2026-06-07 00:51:53","Margoris Torres Perez","INSTITUCIÓN EDUCATIVA TÉCNICA AGROPECUARIA DE LAS PIEDRAS","213647000154","Bolívar","BOLIVAR","JESUS BLANQUICETT MENDOZA","ietadelaspiedras@sedbolivar.gov.co","CRA 19  #17 43 -","BARRIO LA CABAÑA","3114306008","","","No","Sí, permanente","más de 8  horas","Algunos","Sí","Sí","Parcialmente","Entre 50% y 79%","4. Salas TIM","1.Temperatura","3. Parcialmente","Menos del 50%","Menos del 50%","60","Nada suficientes","Algunos funcionan","A veces","A veces","4. Semanal","1. Colombia Aprende","Sí","No","No","Sí","Sí","Poco suficientes","Frecuentemente","Frecuentemente","Poco adecuadas","Sí","Jornada mañana","Sí","Sí","1. 1 hora al día para los centros de interés proyectos pedagógicos","Sí","Educación  Ténica","Sí","Sí","Frecuentemente","A veces","A veces","La mayoría","Más de 10 años","Alta","5","Currículos pertinentes, flexibles, contextualizados y antirracistas"
"2026-06-07 00:52:02","Adriana Martínez Plazas","C. E. R. LA GUAMALA","205093000171","Antioquia","ANTIOQUIA","MARTINEZ PLAZAS ADRIANA","cerlaguamala.betulia@gmail.com","VDA. LA GUAMALA","CORREG. LUCIANO RESTREPO","","","","Sí, intermitente","Sí, permanente","más de 8  horas","La mayoría","Sí","Sí","Sí","Menos del 50%","7. Zonas recreativas","5. Hacinamiento","2.No","Entre 50% y 79%","Menos del 50%","20","Nada suficientes","Algunos funcionan","A veces","A veces","3. Mensual","6. Ninguno","Sí","Sí","No","Sí","Sí","Poco suficientes","A veces","A veces","Poco adecuadas","Sí","Jornada mañana","Sí","Sí","proyectos pedagógicos","No","Deportivas","No","No","Frecuentemente","Rara vez","A veces","Algunos","Más de 10 años","Alta","5","Estrategias didácticas innovadoras"
"2026-06-07 01:45:53","JARMIN ANDRES CUAICUAN PASUY","INSTITUCION EDUCATIVA JORGE ELIECER GAITAN","252260000275","Nariño","El Peñol","JARMIN ANDRES CUAICUAN PASUY","ie.jorge.eliecer.penol@sednarino.gov.co","barrio el rosario - casco urbano ","Barrio el rosario","3188021858","252260000275.0","remito correo personal:  jarmin100@hotmail.com
","Sí, intermitente","Sí, permanente","más de 8  horas","Ninguno","Sí","No","Parcialmente","80% o más","4. Salas TIM","1.Temperatura","3. Parcialmente","Entre 50% y 79%","Menos del 50%","15","Nada suficientes","Algunos funcionan","Frecuentemente","A veces","2. Esporádicamente","6. Ninguno","No","No","No","Sí","No","Nada suficientes","Rara vez","A veces","Poco adecuadas","Sí","Jornada única","No","Sí","1. 1 hora al día para los centros de interés proyectos pedagógicos","Sí","Académicas","No","Sí","Siempre","A veces","A veces","La mayoría","3–5 años","Baja","2","Uso de TIC (tecnologías de la información y comunicación) en la práctica pedagógica"
"2026-06-07 01:46:05","CARLOS ANDRES LLORENTE CASTRO","INSTITUCION EDUCATIVA LOS CORRALES","223586000208","Córdoba","CORDOBA","CARLOS ANDRES LLORENTE CASTRO","ee_22358600020801@sedcordoba.gov.co ee_22358600020801@hotmail.com","LOS CORRALES","LOS CORRALES","3126806147","","","No","Sí, intermitente","Entre 5 y 8","Algunos","No","Sí","No","Menos del 50%","5. Espacios deportivos","1.Temperatura","3. Parcialmente","Menos del 50%","Menos del 50%","40","Poco suficientes","La mayoría funciona","Frecuentemente","A veces","2. Esporádicamente","4. Recursos digitales gratuitos","Sí","No","Sí","Sí","No","Poco suficientes","Frecuentemente","Frecuentemente","Poco adecuadas","Sí","Jornada única","No","Sí","4. El horario de clases se organiza por horas y áreas","Sí","Deportivas","No","Sí","Frecuentemente","Rara vez","A veces","La mayoría","Más de 10 años","Media","10","Estrategias didácticas innovadoras"
"2026-06-07 02:07:27","JUAN DIEGO GARCÍA HENAO","INSTITUCION EDUCATIVA RURAL PORCESITO","205690000262","Antioquia","ANTIOQUIA","JUAN DIEGO GARCÍA HENAO","rectoria@ierporcesito.ie.edu.co","CORREG. PORCE","","3103799518","","","Sí, intermitente","Sí, permanente","más de 8  horas","Todos","Sí","Sí","Parcialmente","Entre 50% y 79%","1. Laboratorios","2. Ruido","3. Parcialmente","Ninguna sede","80% o más","80","Poco suficientes","La mayoría funciona","Frecuentemente","Frecuentemente","4. Semanal","4. Recursos digitales gratuitos","No","No","Sí","Sí","Sí","Poco suficientes","Frecuentemente","Frecuentemente","Poco adecuadas","Sí","Jornada mañana","No","No","4. El horario de clases se organiza por horas y áreas","Sí","Deportivas","No","No","Frecuentemente","A veces","A veces","La mayoría","Más de 10 años","Alta","6","Estrategias didácticas innovadoras"
"2026-06-07 02:22:15","RAFAEL EDUARDO MIRANDA SOLÓRZANO","I.E. SIETE PALMAS","270124000278","Sucre","SUCRE","RAFAEL EDUARDO MIRANDA SOLORZANO","ie.sietepalmas@sucre.edu.co","CORREG SIETE PALMAS","CORREG SIETE PALMAS","3107313919","","","Sí, intermitente","Sí, permanente","más de 8  horas","La mayoría","No","Sí","No","Ninguna sede","5. Espacios deportivos","5. Hacinamiento","3. Parcialmente","Entre 50% y 79%","Menos del 50%","16","Poco suficientes","La mayoría funciona","Frecuentemente","A veces","4. Semanal","4. Recursos digitales gratuitos","Sí","No","Sí","Sí","Sí","Poco suficientes","Frecuentemente","A veces","Poco adecuadas","Sí","Jornada mañana","Sí","Sí","1. 1 hora al día para los centros de interés proyectos pedagógicos","No","Seleccionar...","No","No","Frecuentemente","Rara vez","Frecuentemente","La mayoría","Más de 10 años","Media","2","Estrategias para enseñar a estudiantes con discapacidad"
"2026-06-07 02:23:05","Damiris Herazo Hernandez","INSTITUCIÓN EDUCATIVA PUERTO VIEJO","270820000321","Sucre","SUCRE","DAMIRIS HERAZO HERNANDEZ","ie.puertoviejo@sucre.edu.co","CORREG PTO VIEJO","CORREG PTO VIEJO","3104010739","","","Sí, permanente","Sí, permanente","más de 8  horas","Ninguno","No","No","No","Menos del 50%","1. Laboratorios","1.Temperatura","2.No","Menos del 50%","Ninguna sede","1","Nada suficientes","Ninguno funciona","Nunca","Nunca","1. Nunca","4. Recursos digitales gratuitos","No","No","No","Sí","No","Suficientes","Frecuentemente","A veces","Adecuadas","Sí","Jornada mañana","Sí","Sí","4. El horario de clases se organiza por horas y áreas","Sí","Deportivas","Sí","No","Siempre","A veces","Siempre","Todos","Más de 10 años","Media","2","Estrategias didácticas innovadoras"
"2026-06-07 02:23:42","Águeda Irene Rosero Calpa","INSTITUCION EDUCATIVA LOS HEROES","252585000352","Nariño","NARIÑO","AGUEDA IRENE ROSERO CALPA","ie.heroes.pupiales@sednarino.gov.co","CLL.6 NO.6 3-68  CORREG. JOSE MARIA HERNANDEZ","CORREG. JOSE MARIA HERNANDEZ","3136268624","","","Sí, permanente","Sí, permanente","más de 8  horas","Todos","Sí","Sí","Sí","Todas las sedes","4. Salas TIM","6. Ninguna","3. Parcialmente","Ninguna sede","Menos del 50%","70","Poco suficientes","La mayoría funciona","A veces","A veces","4. Semanal","4. Recursos digitales gratuitos","Sí","No","No","Sí","Sí","Poco suficientes","Frecuentemente","Frecuentemente","Adecuadas","No","Jornada mañana","No","Sí","proyectos pedagógicos","Sí","Deportivas","No","No","Siempre","A veces","Frecuentemente","La mayoría","Más de 10 años","Alta","6","Uso de TIC (tecnologías de la información y comunicación) en la práctica pedagógica"
"2026-06-07 02:59:43","Juan David Mecheche Chocho","IE INDÍGENA WOUNAAN KHIRJUG","227615001516","Chocó","CHOCO","JUAN DAVID MECHECHE CHOCHO","jmechechechocho@gmail.com","COMUNIDAD MARCIAL","PRINCIPAL","3116835061","","","No","No","0","Algunos","No","No","No","Menos del 50%","6. Comedores escolares","1.Temperatura","2.No","Entre 50% y 79%","Menos del 50%","10","Nada suficientes","Algunos funcionan","Frecuentemente","Frecuentemente","2. Esporádicamente","4. Recursos digitales gratuitos","No","No","No","Sí","No","Nada suficientes","A veces","A veces","Nada adecuadas","No","Jornada mañana","No","Sí","1. 1 hora al día para los centros de interés proyectos pedagógicos","Sí","Servicio comunitario","Sí","No","Nunca","Frecuentemente","Nunca","Algunos","Más de 10 años","Media","2","Estrategias didácticas innovadoras"
"2026-06-07 03:31:33","VICENTE DANIEL ARIZA VARON","INSTITUCION EDUCATIVA DEPARTAMENTAL LA CANDELARIA","247058000171","Magdalena","MAGDALENA","VICENTE DANIEL ARIZA VARON","iedlacandelaria@sedmagdalena.gov.co","CALLE PRINCIPAL","CASA DE TABLA","","","","No","No","0","La mayoría","No","No","No","Ninguna sede","6. Comedores escolares","6. Ninguna","3. Parcialmente","Ninguna sede","Menos del 50%","40","Suficientes","Todos funcionan","Frecuentemente","A veces","2. Esporádicamente","Seleccionar...","No","No","No","Sí","No","Poco suficientes","A veces","Frecuentemente","Poco adecuadas","Sí","Jornada mañana","No","Sí","3. Un día a la semana","Sí","Deportivas","Sí","Sí","Siempre","Nunca","Frecuentemente","Algunos","Más de 10 años","Alta","10","Uso de TIC (tecnologías de la información y comunicación) en la práctica pedagógica"
"2026-06-07 03:31:55","Elsy Omaira Cuaspa","INSTITUCION EDUCATIVA VIBORAL","217013001111","Caldas","CALDAS","ELSY OMAIRA CUASPA YEPEZ","ieviboral@sedcaldas.gov.co","VEREDA VIBORAL","VEREDA VIBORAL","3118816941","","","Sí, permanente","Sí, permanente","más de 8  horas","Algunos","Sí","Sí","Parcialmente","Menos del 50%","5. Espacios deportivos","1.Temperatura","3. Parcialmente","Ninguna sede","Menos del 50%","16","Nada suficientes","Algunos funcionan","Frecuentemente","A veces","4. Semanal","4. Recursos digitales gratuitos","Sí","Sí","Sí","Sí","Sí","Poco suficientes","A veces","Frecuentemente","Nada adecuadas","Sí","Jornada mañana","No","No","1. 1 hora al día para los centros de interés proyectos pedagógicos","Sí","Servicio comunitario","No","Sí","Frecuentemente","Rara vez","Frecuentemente","La mayoría","Más de 10 años","Baja","4","Estrategias para enseñar a estudiantes con discapacidad"
"2026-06-07 04:24:02","MARTHA INES SILVA QUINTANA","C.E LA CHORROSA","283029000389","Caquetá","CAQUETA","MARTHA INES SILVA QUINTANA","ierchorrosaalbania@gmail.com","VDA LA CHORROSA","VDA LA CHORROSA","3104534944","","","No","No","Entre 1 y 3","Algunos","No","No","No","Menos del 50%","7. Zonas recreativas","3. Iluminación","3. Parcialmente","Ninguna sede","Ninguna sede","1","Nada suficientes","Ninguno funciona","Rara vez","Nunca","1. Nunca","6. Ninguno","No","Sí","No","Sí","Sí","Nada suficientes","Rara vez","Frecuentemente","Nada adecuadas","No","Jornada mañana","Sí","Sí","4. El horario de clases se organiza por horas y áreas","No","Académicas","No","No","Frecuentemente","Nunca","Rara vez","La mayoría","Más de 10 años","Alta","7","Trabajo pedagógico por proyectos, por retos, por problemas
Normatividad y política pública educativa"
"2026-06-07 04:33:23","ROBINSON MUÑOZ CORDOBA","I. E. VERSALLES","205679000501","Antioquia","ANTIOQUIA","MUÑOZ CORDOBA ROBINSON","comunicaciones@ineve.edu.co","CORREG. VERSALLES","SECTOR LA OPERA","","","","Sí, permanente","Sí, permanente","más de 8  horas","Algunos","Sí","Sí","Parcialmente","Menos del 50%","5. Espacios deportivos","3. Iluminación","3. Parcialmente","Ninguna sede","Menos del 50%","25","Nada suficientes","Algunos funcionan","Frecuentemente","Frecuentemente","4. Semanal","4. Recursos digitales gratuitos","Sí","No","Sí","Sí","Sí","Poco suficientes","A veces","Nunca","Adecuadas","Sí","Jornada mañana","Sí","No","4. El horario de clases se organiza por horas y áreas","No","Artísticas","No","No","Siempre","A veces","A veces","Todos","6–10 años","Media","4","Estrategias para enseñar a estudiantes con discapacidad"
"2026-06-07 10:53:33","Ciro Alfonso Guerrero Guerrero","INSTITUCION EDUCATIVA RURAL CAPITANLARGO","254003000330","Norte de Santander","NORTE SANTANDER","CIRO ALFONSO GUERRERO GUERRERO","ciroalfo30@gmail.com","VDA CAPITANLARGO","CAPITANLARGO","3103285383","","","Sí, intermitente","No","más de 8  horas","Todos","Sí","Sí","No","Ninguna sede","6. Comedores escolares","6. Ninguna","3. Parcialmente","Ninguna sede","Menos del 50%","40","Nada suficientes","Algunos funcionan","Frecuentemente","A veces","4. Semanal","1. Colombia Aprende","Sí","No","No","Sí","No","Nada suficientes","A veces","A veces","Poco adecuadas","Sí","Jornada mañana","No","No","1. 1 hora al día para los centros de interés proyectos pedagógicos","No","Artísticas","No","No","Siempre","A veces","Rara vez","La mayoría","Más de 10 años","Media","5","Currículos pertinentes, flexibles, contextualizados y antirracistas"
"2026-06-07 11:05:05","Sandra Milena Ortiz Blanco","INSTITUCIÓN EDUCATIVA MARCO ANTONIO FRANCO RODRIGUEZ","150001007841","Meta","VILLAVICENCIO","SANDRA MILENA ORTIZ","rectoria@iemarcoantoniofranco.edu.co","IND CIUDADELA SALITRE","SALITRE","3175011600","15000100784101.0","Sede única ","Sí, permanente","Sí, permanente","más de 8  horas","La mayoría","No","Sí","Sí","Todas las sedes","5. Espacios deportivos","1.Temperatura","3. Parcialmente","Ninguna sede","Menos del 50%","30","Muy suficientes","Algunos funcionan","Frecuentemente","A veces","4. Semanal","4. Recursos digitales gratuitos","Sí","No","No","Sí","Sí","Poco suficientes","Frecuentemente","Frecuentemente","Adecuadas","Sí","Jornada única","Sí","Sí","4. El horario de clases se organiza por horas y áreas","Sí","Educación  Ténica","Sí","Sí","Siempre","Nunca","Siempre","La mayoría","Más de 10 años","Alta","15","Evaluación formativa para los aprendizajes"
"2026-06-07 11:25:35","Carlos Arturo Linares Palomino","INST. EDUCATIVA JOSE CELESTINO MUTIS","195001002550","Guaviare","GUAVIARE","CARLOS ARTURO LINARES PALOMINO","institucionjosecelestinomutis@gmail.com","KR 19 D 20 65","LA GRANJA","5840520","","","Sí, permanente","Sí, permanente","más de 8  horas","La mayoría","Sí","Sí","Parcialmente","Entre 50% y 79%","5. Espacios deportivos","1.Temperatura","3. Parcialmente","Entre 50% y 79%","Menos del 50%","40","Poco suficientes","Algunos funcionan","Frecuentemente","Frecuentemente","5. Diaria","4. Recursos digitales gratuitos","Sí","Sí","Sí","Sí","Sí","Poco suficientes","Frecuentemente","Frecuentemente","Poco adecuadas","Sí","Jornada mañana","No","Sí","5. El horario de clases se organiza de acuerdo con los centros de interés","Sí","Artísticas","No","No","Frecuentemente","A veces","Frecuentemente","La mayoría","Más de 10 años","Media","40","Evaluación formativa para los aprendizajes"
"2026-06-07 11:27:56","Hector Echeverry Reyes","INSTITUCION EDUCATIVA LA GRANJITA","223570000186","Córdoba","CORDOBA","HECTOR ECHEVERRY REYES","ee_22357000018601@sedcordoba.gov.co","IND CGTO LA GRANJITA","CGTO LA GRANJITA","","","","Sí, intermitente","Sí, permanente","Entre 5 y 8","Algunos","No","No","No","Entre 50% y 79%","4. Salas TIM","5. Hacinamiento","3. Parcialmente","Entre 50% y 79%","Ninguna sede","4","Nada suficientes","Algunos funcionan","Frecuentemente","A veces","4. Semanal","4. Recursos digitales gratuitos","Sí","No","No","Sí","No","Nada suficientes","A veces","Frecuentemente","Poco adecuadas","Sí","Jornada única","Sí","Sí","1. 1 hora al día para los centros de interés proyectos pedagógicos","Sí","Artísticas","Sí","No","Siempre","Rara vez","A veces","La mayoría","Más de 10 años","Media","8","Estrategias didácticas innovadoras"
"2026-06-07 12:09:42","ELBER DE JESUS GONZALEZ MORALES","INSTITUCION EDUCATIVA BARRO PRIETO","223189000137","Córdoba","CORDOBA","ELBER DE JESUS GONZALEZ MORALES","ee_22318900013701@sedcordoba.gov.co ee_22318900013701@hotmail.com","VDA BARRO PRIETO","VDA BARRO PRIETO","","","","No","Sí, intermitente","Entre 1 y 3","Algunos","No","No","Seleccionar...","Ninguna sede","5. Espacios deportivos","1.Temperatura","2.No","Todas las sedes","Ninguna sede","1","Nada suficientes","Ninguno funciona","Nunca","Nunca","1. Nunca","6. Ninguno","No","No","No","No","No","Poco suficientes","A veces","Rara vez","Nada adecuadas","No","Jornada mañana","Sí","Sí","4. El horario de clases se organiza por horas y áreas","No","Seleccionar...","No","No","Nunca","A veces","Siempre","Algunos","3–5 años","Media","2","Estrategias para enseñar a estudiantes con discapacidad"
"2026-06-07 12:23:40","JAMES LEON PARRA MONSALVE","CENTRO ETNOEDUCATIVO E INTERCULTURAL RURAL INGA CONDAGUA KAUSACHISPA ATUNTAITAKUNAPA LACHAIKUNA","486001000331","Putumayo","PUTUMAYO","PARRA MONSALVE JAMES LEON","condagua@sedputumayo.gov.co","VDA. SAN JOSE CONDAGUA","","3057173817","","","No","No","más de 8  horas","Algunos","Sí","Sí","No","Menos del 50%","1. Laboratorios","5. Hacinamiento","2.No","Entre 50% y 79%","Menos del 50%","16","Nada suficientes","Algunos funcionan","A veces","A veces","2. Esporádicamente","6. Ninguno","Sí","Sí","No","Sí","No","Nada suficientes","A veces","A veces","Nada adecuadas","Sí","Jornada única","No","Sí","5. El horario de clases se organiza de acuerdo con los centros de interés","No","Deportivas","Sí","No","A veces","Frecuentemente","Rara vez","Algunos","6–10 años","Media","1","Currículos pertinentes, flexibles, contextualizados y antirracistas"
"2026-06-07 12:55:03","Diana Patricia Contreras Velazco","COLEGIO INTEGRADO REYES ARAQUE","254128000030","Norte de Santander","NORTE SANTANDER","DIANA PATRICIA CONTRERAS VELAZCO","dipacove@gmail.com","BARRIO LA AHUMADA -LA VEGA","LA VEGA","3003793963","","","Sí, permanente","Sí, permanente","más de 8  horas","Algunos","No","Sí","Parcialmente","Todas las sedes","6. Comedores escolares","1.Temperatura","1. Sí","Ninguna sede","Entre 50% y 79%","50","Poco suficientes","Algunos funcionan","Frecuentemente","Frecuentemente","5. Diaria","1. Colombia Aprende","No","Sí","Sí","Sí","Sí","Poco suficientes","Frecuentemente","Frecuentemente","Poco adecuadas","Sí","Jornada mañana","No","Sí","5. El horario de clases se organiza de acuerdo con los centros de interés","No","Educación  Ténica","No","Sí","Siempre","A veces","Siempre","La mayoría","6–10 años","Alta","6","Currículos pertinentes, flexibles, contextualizados y antirracistas"
"2026-06-07 13:33:23","JUAN MANUEL FORONDA BLANDON","IE INSTITUTO AGRICOLA PEDRO URIBE MEJIA","266682000465","Risaralda","RISARALDA","JUAN MANUEL FORONDA BLANDON","grie.pedro.uribe@risaralda.gov.co","VDA EL JAZMIN","","3103905970","2666820000465.0","","Sí, intermitente","Sí, permanente","más de 8  horas","Algunos","No","No","No","Menos del 50%","7. Zonas recreativas","6. Ninguna","3. Parcialmente","Menos del 50%","Menos del 50%","15","Nada suficientes","Algunos funcionan","Frecuentemente","Frecuentemente","4. Semanal","4. Recursos digitales gratuitos","No","No","No","Sí","No","Nada suficientes","A veces","A veces","Poco adecuadas","Sí","Jornada única","Sí","Sí","1. 1 hora al día para los centros de interés proyectos pedagógicos","No","Académicas","No","Sí","Rara vez","Rara vez","Nunca","Algunos","Más de 10 años","Media","10","Estrategias didácticas innovadoras"
"2026-06-07 13:35:09","Anix María Contreras Buelvas","INSTITUCION EDUCATIVA HILDA AGUILAR MENESES","120400800036","Cesar","CESAR","ANIX MARIA CONTRERAS BUELVAS","eehildaaguilar@educacioncesar.gov.co","IND CL 3 1A - 05","","3145576086","","","Sí, intermitente","Sí, permanente","más de 8  horas","La mayoría","No","Sí","Sí","Menos del 50%","1. Laboratorios","1.Temperatura","1. Sí","Entre 50% y 79%","Menos del 50%","60","Nada suficientes","La mayoría funciona","Frecuentemente","A veces","2. Esporádicamente","3. Contenidos OVA propios","No","No","Sí","Sí","Sí","Poco suficientes","Frecuentemente","Frecuentemente","Adecuadas","Sí","Jornada única","No","Sí","5. El horario de clases se organiza de acuerdo con los centros de interés","Sí","Educación  Ténica","No","Sí","Frecuentemente","A veces","Frecuentemente","Algunos","6–10 años","Media","60","Currículos pertinentes, flexibles, contextualizados y antirracistas"
"2026-06-07 13:38:18","LUIS ALBERTO IGLESIA CARMONA","INSTITUCION EDUCATIVA ANIBAL MARTINEZ ZULETA","120787007002","Cesar","CESAR","LUIS ALBERTO IGLESIA CARMONA","eeanibalmartinez@educacioncesar.gov.co","CORREGIMIENTO ZAPATOSA","ZAPATOSA","3187151262","","","Sí, permanente","Sí, intermitente","más de 8  horas","Algunos","No","Sí","Parcialmente","Menos del 50%","1. Laboratorios","1.Temperatura","2.No","Entre 50% y 79%","Menos del 50%","30","Nada suficientes","Algunos funcionan","Frecuentemente","Frecuentemente","4. Semanal","1. Colombia Aprende","Sí","No","Sí","Sí","Sí","Poco suficientes","Frecuentemente","A veces","Adecuadas","Sí","Jornada mañana","No","Sí","4. El horario de clases se organiza por horas y áreas","Sí","Educación  Ténica","No","Sí","Frecuentemente","A veces","Frecuentemente","Algunos","Más de 10 años","Media","7","Estrategias didácticas innovadoras"
"2026-06-07 13:44:55","ALVARO LUIS CARMONA MEJIA","INSTITUCION EDUCATIVA LOS CORDOBAS","123419000803","Córdoba","CORDOBA","ALVARO LUIS CARMONA MEJIA","ee_12341900080301@hotmail.com ee_12341900080301@sedcordoba.gov.co","IND CALLE PRINCIPAL","LAS TINAS","3106576893 3205514556","","","No","Sí, intermitente","más de 8  horas","La mayoría","Sí","Sí","No","80% o más","7. Zonas recreativas","1.Temperatura","3. Parcialmente","Menos del 50%","Menos del 50%","20","Nada suficientes","La mayoría funciona","A veces","Frecuentemente","3. Mensual","4. Recursos digitales gratuitos","Sí","Sí","No","Sí","No","Nada suficientes","A veces","Frecuentemente","Poco adecuadas","Sí","Jornada única","No","Sí","5. El horario de clases se organiza de acuerdo con los centros de interés","Sí","Deportivas","Sí","Sí","Siempre","A veces","Frecuentemente","La mayoría","Más de 10 años","Media","6","Estrategias para enseñar a estudiantes con discapacidad"
"2026-06-07 14:36:24","LUIS ARTUNDUAGA","INSTITUCION EDUCATIVA MARIANO GONZALEZ","276113000436","Valle del Cauca","VALLE","LUIS ARTUNDUAGA ARTUNDUAGA","marianogonzalez@sedvalledelcauca.gov.co","CORREGIMINETO GALICIA","CORREGIMIENTO GALICIA","3154682713","","","Sí, permanente","Sí, permanente","más de 8  horas","La mayoría","No","Sí","Parcialmente","Entre 50% y 79%","1. Laboratorios","5. Hacinamiento","1. Sí","Menos del 50%","Menos del 50%","40","Nada suficientes","La mayoría funciona","Frecuentemente","Frecuentemente","4. Semanal","4. Recursos digitales gratuitos","Sí","Sí","Sí","Sí","Sí","Poco suficientes","Frecuentemente","Frecuentemente","Adecuadas","Sí","Jornada mañana","No","No","4. El horario de clases se organiza por horas y áreas","No","Seleccionar...","No","Sí","Siempre","A veces","Frecuentemente","La mayoría","Más de 10 años","Alta","6","Estrategias didácticas innovadoras"
"2026-06-07 14:55:21","HERNANDO ENRIQUE GOMEZ CANTILLO","INSTITUCION EDUCATIVA JOSE GUILLERMO CASTRO CASTRO","120400000111","Cesar","CESAR","HERNANDO ENRIQUE GOMEZ CANTILLO","eejosecastro@educacioncesar.gov.co","DG 1 11 120","LA JAGUA DE IBIRICO","3108904113","","","Sí, permanente","Sí, permanente","más de 8  horas","La mayoría","Sí","Sí","Parcialmente","80% o más","1. Laboratorios","1.Temperatura","3. Parcialmente","Menos del 50%","80% o más","150","Poco suficientes","La mayoría funciona","Frecuentemente","Frecuentemente","4. Semanal","6. Ninguno","Sí","No","No","Sí","Sí","Poco suficientes","A veces","A veces","Poco adecuadas","Sí","Jornada mañana","Sí","No","4. El horario de clases se organiza por horas y áreas","Sí","Educación  Ténica","No","Sí","Frecuentemente","Seleccionar...","Frecuentemente","La mayoría","6–10 años","Media","12","Estrategias didácticas innovadoras"
"2026-06-07 15:13:48","Lucas Giovanni Huertas Rodriguez","INSTITUCION EDUCATIVA RURAL DEPARTAMENTAL SAN ANTONIO","225035000072","Cundinamarca","CUNDINAMARCA","LUCAS GIOVANNI HUERTAS RODRIGUEZ.","iedrsanantonio_anapoima@secundinamarca.edu.co ierdanantonio2013@gmail.com","INSPECCION SAN ANTONIO","SAN ANTONIO","3204621712","","","Sí, intermitente","Sí, permanente","más de 8  horas","La mayoría","Sí","Sí","Parcialmente","Entre 50% y 79%","1. Laboratorios","1.Temperatura","3. Parcialmente","Ninguna sede","Menos del 50%","22","Nada suficientes","Algunos funcionan","Frecuentemente","Frecuentemente","4. Semanal","4. Recursos digitales gratuitos","No","No","No","Sí","No","Poco suficientes","Frecuentemente","Frecuentemente","Adecuadas","Sí","Jornada mañana","Sí","No","proyectos pedagógicos","No","Seleccionar...","Sí","No","Frecuentemente","A veces","A veces","La mayoría","6–10 años","Media","4","Estrategias didácticas innovadoras"
"2026-06-07 15:36:57","MARCOS ANTONIO VELEZ CARVAJAL","I.E. LA CONCORDIA","270265000239","Sucre","SUCRE","MARCOS ANTONIO VELEZ CARVAJAL","ie.laconcordia@sucre.edu.co","CORREG LA CONCORDIA","CORREG LA CONCORDIA","3126764969","","","No","Sí, permanente","más de 8  horas","La mayoría","No","Sí","Parcialmente","Ninguna sede","6. Comedores escolares","4. Ventilación","3. Parcialmente","Menos del 50%","Menos del 50%","30","Nada suficientes","Algunos funcionan","Rara vez","A veces","2. Esporádicamente","4. Recursos digitales gratuitos","Sí","No","No","Sí","Sí","Nada suficientes","Rara vez","Rara vez","Poco adecuadas","Sí","Jornada mañana","No","Sí","3. Un día a la semana","No","Seleccionar...","No","No","Frecuentemente","Rara vez","Rara vez","La mayoría","6–10 años","Baja","5","Trabajo pedagógico por proyectos, por retos, por problemas
Normatividad y política pública educativa"
